event,alert_id,time_utc,side,price,range_high,range_low,atr,outcome
FIRED,123023-DN,2026-02-19T23:57:00Z,SELL,4997.1,4997.4,4994.0,9.237142857142771,
RESOLVED,123023-DN,2026-02-20T00:00:00Z,SELL,4996.6,4997.4,4994.0,9.237142857142771,NOT_FOLLOWED
FIRED,123024-UP,2026-02-20T00:41:00Z,BUY,5000.9,5001.62,4992.4,5.824285714285712,
RESOLVED,123024-UP,2026-02-20T00:46:00Z,BUY,5003.6,5001.62,4992.4,5.824285714285712,BREAKOUT_FOLLOWED
FIRED,123024-UP,2026-02-20T03:08:00Z,BUY,5001.1,5001.62,4992.4,5.824285714285712,
RESOLVED,123024-UP,2026-02-20T03:12:00Z,BUY,5004.0,5001.62,4992.4,5.824285714285712,BREAKOUT_FOLLOWED
FIRED,123024-DN,2026-02-20T03:42:00Z,SELL,4996.0,5001.62,4992.4,5.824285714285712,
FIRED,123024-UP,2026-02-20T03:59:00Z,BUY,4996.6,5001.62,4992.4,5.824285714285712,
RESOLVED,123024-UP,2026-02-20T04:00:00Z,BUY,4997.5,5001.62,4992.4,5.824285714285712,NOT_FOLLOWED
RESOLVED,123024-DN,2026-02-20T04:00:00Z,SELL,4997.5,5001.62,4992.4,5.824285714285712,NOT_FOLLOWED
FIRED,123044-UP,2026-02-23T08:21:00Z,BUY,5150.6,5152.3,5144.3,8.685000000000075,
RESOLVED,123044-UP,2026-02-23T08:55:00Z,BUY,5152.7,5152.3,5144.3,8.685000000000075,BREAKOUT_FOLLOWED
FIRED,123076-DN,2026-02-28T16:22:00Z,SELL,5398.5,5418.3,5391.0,24.271428571428714,
FIRED,123076-UP,2026-02-28T16:29:00Z,BUY,5409.6,5418.3,5391.0,24.271428571428714,
RESOLVED,123076-UP,2026-02-28T16:32:00Z,BUY,5422.2,5418.3,5391.0,24.271428571428714,BREAKOUT_FOLLOWED
RESOLVED,123076-DN,2026-02-28T20:00:00Z,SELL,5406.5,5418.3,5391.0,24.271428571428714,NOT_FOLLOWED
FIRED,123088-UP,2026-03-02T16:30:00Z,BUY,5319.9,5327.3,5274.0,28.10285714285718,
RESOLVED,123088-UP,2026-03-02T19:03:00Z,BUY,5338.7,5327.3,5274.0,28.10285714285718,BREAKOUT_FOLLOWED
FIRED,123189-UP,2026-03-19T14:11:00Z,BUY,4645.8,4648.3,4606.7,25.402857142857165,
FIRED,123189-DN,2026-03-19T14:17:00Z,SELL,4619.1,4648.3,4606.7,25.402857142857165,
RESOLVED,123189-DN,2026-03-19T14:27:00Z,SELL,4593.6,4648.3,4606.7,25.402857142857165,BREAKOUT_FOLLOWED
RESOLVED,123189-UP,2026-03-19T16:00:00Z,BUY,4605.5,4648.3,4606.7,25.402857142857165,NOT_FOLLOWED
FIRED,123193-UP,2026-03-20T04:31:00Z,BUY,4726.9,4729.6,4717.0,17.37857142857144,
FIRED,123193-DN,2026-03-20T04:43:00Z,SELL,4718.65,4729.6,4717.0,17.37857142857144,
RESOLVED,123193-DN,2026-03-20T05:01:00Z,SELL,4716.2,4729.6,4717.0,17.37857142857144,BREAKOUT_FOLLOWED
RESOLVED,123193-UP,2026-03-20T08:00:00Z,BUY,4706.2,4729.6,4717.0,17.37857142857144,NOT_FOLLOWED
FIRED,123210-DN,2026-03-23T01:36:00Z,SELL,4437.3,4481.2,4434.5,19.282142857142844,
RESOLVED,123210-DN,2026-03-23T01:43:00Z,SELL,4433.1,4481.2,4434.5,19.282142857142844,BREAKOUT_FOLLOWED
FIRED,123214-UP,2026-03-23T16:36:00Z,BUY,4388.4,4395.2,4357.7,45.135714285714194,
RESOLVED,123214-UP,2026-03-23T20:00:00Z,BUY,4394.2,4395.2,4357.7,45.135714285714194,NOT_FOLLOWED
FIRED,123215-UP,2026-03-23T20:22:00Z,BUY,4417.3,4418.1,4393.3,27.182857142857497,
RESOLVED,123215-UP,2026-03-24T00:00:00Z,BUY,4447.4,4418.1,4393.3,27.182857142857497,NOT_FOLLOWED
FIRED,123405-UP,2026-04-24T12:18:00Z,BUY,4696.6,4697.0,4690.8,9.049999999999986,
FIRED,123405-DN,2026-04-24T12:20:00Z,SELL,4695.1,4697.0,4690.8,9.049999999999986,
RESOLVED,123405-DN,2026-04-24T12:42:00Z,SELL,4690.0,4697.0,4690.8,9.049999999999986,BREAKOUT_FOLLOWED
RESOLVED,123405-UP,2026-04-24T16:00:00Z,BUY,4714.3,4697.0,4690.8,9.049999999999986,NOT_FOLLOWED
FIRED,123477-DN,2026-05-06T12:19:00Z,SELL,4659.4,4680.0,4659.3,12.53285714285708,
FIRED,123477-UP,2026-05-06T13:01:00Z,BUY,4678.2,4680.0,4659.3,12.53285714285708,
RESOLVED,123477-UP,2026-05-06T13:33:00Z,BUY,4681.6,4680.0,4659.3,12.53285714285708,BREAKOUT_FOLLOWED
RESOLVED,123477-DN,2026-05-06T16:00:00Z,SELL,4671.4,4680.0,4659.3,12.53285714285708,NOT_FOLLOWED
FIRED,123672-UP,2026-06-08T00:44:00Z,BUY,4334.6,4335.5,4330.4,9.05714285714287,
FIRED,123672-DN,2026-06-08T00:52:00Z,SELL,4332.14,4335.5,4330.4,9.05714285714287,
RESOLVED,123672-DN,2026-06-08T01:06:00Z,SELL,4322.36,4335.5,4330.4,9.05714285714287,BREAKOUT_FOLLOWED
RESOLVED,123672-UP,2026-06-08T04:00:00Z,BUY,4309.8,4335.5,4330.4,9.05714285714287,NOT_FOLLOWED
FIRED,123682-DN,2026-06-09T17:17:00Z,SELL,4257.9,4272.7,4250.8,16.277142857142735,
RESOLVED,123682-DN,2026-06-09T17:49:00Z,SELL,4249.6,4272.7,4250.8,16.277142857142735,BREAKOUT_FOLLOWED
FIRED,123691-DN,2026-06-11T04:36:00Z,SELL,4079.5,4087.0,4075.29,16.492857142857183,
FIRED,123691-UP,2026-06-11T04:44:00Z,BUY,4085.5,4087.0,4075.29,16.492857142857183,
RESOLVED,123691-UP,2026-06-11T08:00:00Z,BUY,4110.4,4087.0,4075.29,16.492857142857183,NOT_FOLLOWED
RESOLVED,123691-DN,2026-06-11T08:00:00Z,SELL,4110.4,4087.0,4075.29,16.492857142857183,NOT_FOLLOWED
FIRED,123692-DN,2026-06-11T08:18:00Z,SELL,4105.3,4113.8,4104.6,10.632142857142753,
RESOLVED,123692-DN,2026-06-11T08:22:00Z,SELL,4101.4,4113.8,4104.6,10.632142857142753,BREAKOUT_FOLLOWED
FIRED,123740-UP,2026-06-19T08:49:00Z,BUY,4161.8,4162.4,4149.8,10.71428571428578,
FIRED,123740-DN,2026-06-19T10:02:00Z,SELL,4152.5,4162.4,4149.8,10.71428571428578,
RESOLVED,123740-DN,2026-06-19T10:07:00Z,SELL,4148.5,4162.4,4149.8,10.71428571428578,BREAKOUT_FOLLOWED
RESOLVED,123740-UP,2026-06-19T12:00:00Z,BUY,4149.9,4162.4,4149.8,10.71428571428578,NOT_FOLLOWED
FIRED,123770-UP,2026-06-24T08:57:00Z,BUY,4074.2,4075.0,4069.55,9.613571428571374,
FIRED,123770-DN,2026-06-24T09:08:00Z,SELL,4069.6,4075.0,4069.55,9.613571428571374,
RESOLVED,123770-DN,2026-06-24T09:26:00Z,SELL,4069.0,4075.0,4069.55,9.613571428571374,BREAKOUT_FOLLOWED
RESOLVED,123770-UP,2026-06-24T12:00:00Z,BUY,4045.1,4075.0,4069.55,9.613571428571374,NOT_FOLLOWED
FIRED,123910-UP,2026-07-17T16:25:00Z,BUY,4011.0,4012.0,4003.4,12.857142857142858,
FIRED,123910-DN,2026-07-17T16:41:00Z,SELL,4006.2,4012.0,4003.4,12.857142857142858,
RESOLVED,123910-DN,2026-07-17T17:33:00Z,SELL,4002.5,4012.0,4003.4,12.857142857142858,BREAKOUT_FOLLOWED
RESOLVED,123910-UP,2026-07-17T20:00:00Z,BUY,4004.5,4012.0,4003.4,12.857142857142858,NOT_FOLLOWED
FIRED,123942-UP,2026-07-23T00:24:00Z,BUY,4122.2,4123.1,4115.6,6.622142857142957,
FIRED,123942-DN,2026-07-23T00:48:00Z,SELL,4117.1,4123.1,4115.6,6.622142857142957,
RESOLVED,123942-UP,2026-07-23T01:00:00Z,BUY,4126.35,4123.1,4115.6,6.622142857142957,BREAKOUT_FOLLOWED
RESOLVED,123942-DN,2026-07-23T04:00:00Z,SELL,4113.8,4123.1,4115.6,6.622142857142957,NOT_FOLLOWED
FIRED,124027-UP,2026-08-06T05:04:00Z,BUY,4252.5,4258.5,4253.8,12.892857142857272,
FIRED,124027-DN,2026-08-06T05:50:00Z,SELL,4257.3,4258.5,4253.8,12.892857142857272,
RESOLVED,124027-UP,2026-08-06T05:52:00Z,BUY,4259.6,4258.5,4253.8,12.892857142857272,BREAKOUT_FOLLOWED
RESOLVED,124027-DN,2026-08-06T08:00:00Z,SELL,4258.0,4258.5,4253.8,12.892857142857272,NOT_FOLLOWED
FIRED,124113-UP,2026-08-20T12:24:00Z,BUY,4453.5,4456.9,4441.1,7.142857142857273,
RESOLVED,124113-UP,2026-08-20T12:48:00Z,BUY,4460.5,4456.9,4441.1,7.142857142857273,BREAKOUT_FOLLOWED
FIRED,124124-DN,2026-08-22T08:42:00Z,SELL,4586.4,4591.6,4585.1,5.4542857142857555,
RESOLVED,124124-DN,2026-08-22T12:00:00Z,SELL,4586.6,4591.6,4585.1,5.4542857142857555,NOT_FOLLOWED
FIRED,124134-UP,2026-08-24T02:54:00Z,BUY,4628.4,4629.6,4608.8,6.142142857142907,
RESOLVED,124134-UP,2026-08-24T02:55:00Z,BUY,4632.4,4629.6,4608.8,6.142142857142907,BREAKOUT_FOLLOWED
FIRED,124178-DN,2026-08-31T08:22:00Z,SELL,4438.6,4449.5,4435.8,8.951428571428616,
RESOLVED,124178-DN,2026-08-31T08:34:00Z,SELL,4435.4,4449.5,4435.8,8.951428571428616,BREAKOUT_FOLLOWED
FIRED,124191-UP,2026-09-02T12:19:00Z,BUY,4344.3,4347.0,4340.0,8.064285714285818,
FIRED,124191-DN,2026-09-02T12:38:00Z,SELL,4343.5,4347.0,4340.0,8.064285714285818,
RESOLVED,124191-UP,2026-09-02T16:00:00Z,BUY,4383.1,4347.0,4340.0,8.064285714285818,NOT_FOLLOWED
RESOLVED,124191-DN,2026-09-02T16:00:00Z,SELL,4383.1,4347.0,4340.0,8.064285714285818,NOT_FOLLOWED
FIRED,124196-DN,2026-09-03T09:46:00Z,SELL,4433.0,4447.6,4432.5,8.399999999999961,
RESOLVED,124196-DN,2026-09-03T12:00:00Z,SELL,4448.5,4447.6,4432.5,8.399999999999961,NOT_FOLLOWED
FIRED,124203-UP,2026-09-04T12:30:00Z,BUY,4409.2,4472.4,4467.3,5.556428571428569,
RESOLVED,124203-UP,2026-09-04T16:00:00Z,BUY,4438.9,4472.4,4467.3,5.556428571428569,NOT_FOLLOWED
FIRED,124278-UP,2026-09-17T00:22:00Z,BUY,4289.7,4290.5,4271.4,6.078571428571389,
RESOLVED,124278-UP,2026-09-17T04:00:00Z,BUY,4298.6,4290.5,4271.4,6.078571428571389,NOT_FOLLOWED
FIRED,124279-UP,2026-09-17T04:21:00Z,BUY,4298.3,4300.2,4296.4,11.215714285714252,
RESOLVED,124279-UP,2026-09-17T08:00:00Z,BUY,4327.7,4300.2,4296.4,11.215714285714252,NOT_FOLLOWED
FIRED,124323-UP,2026-09-24T14:04:00Z,BUY,4267.9,4268.7,4259.9,8.94785714285737,
FIRED,124323-DN,2026-09-24T14:21:00Z,SELL,4260.5,4268.7,4259.9,8.94785714285737,
RESOLVED,124323-DN,2026-09-24T14:32:00Z,SELL,4258.8,4268.7,4259.9,8.94785714285737,BREAKOUT_FOLLOWED
RESOLVED,124323-UP,2026-09-24T16:00:00Z,BUY,4254.3,4268.7,4259.9,8.94785714285737,NOT_FOLLOWED
