entry_time_utc,side,entry,sl,tp,exit_time_utc,exit,result,R,had_alert,100_before,1000_before,10000_before,100_pnl,1000_pnl,10000_pnl,100_after,1000_after,10000_after,100_fee,1000_fee,10000_fee
2026-02-20T04:34:00Z,BUY,5004.2,4952.250714285715,,2026-02-23T07:26:00Z,5140.950714285715,TRAIL,2.632,False,100.0,1000.0,10000.0,2.52,25.19,251.87,102.52,1025.19,10251.87,0.1137,1.1367,11.3668
2026-02-23T08:55:00Z,BUY,5152.7,5097.035,,2026-02-27T13:30:00Z,5240.535,TRAIL,1.578,True,102.52,1025.19,10251.87,1.51,15.06,150.57,104.02,1040.24,10402.44,0.112,1.1198,11.1979
2026-02-27T13:33:00Z,BUY,5241.9,5200.592142857143,,2026-02-28T06:46:00Z,5327.392142857143,TRAIL,2.07,False,104.02,1040.24,10402.44,2.0,19.97,199.72,106.02,1060.22,10602.16,0.1558,1.5577,15.5766
2026-02-28T06:49:00Z,BUY,5337.4,5289.967857142857,,2026-02-28T09:47:00Z,5531.367857142857,TRAIL,4.089,False,106.02,1060.22,10602.16,4.19,41.95,419.48,110.22,1102.16,11021.64,0.1408,1.4078,14.0777
2026-02-28T09:57:00Z,BUY,5535.3,5482.641428571429,,2026-02-28T10:17:00Z,5482.641428571429,SL,-1.0,False,110.22,1102.16,11021.64,-1.24,-12.39,-123.89,108.98,1089.78,10897.75,0.1367,1.3671,13.671
2026-02-28T10:19:00Z,BUY,5495.9,5433.662857142856,,2026-02-28T12:53:00Z,5433.662857142856,SL,-1.0,False,108.98,1089.78,10897.75,-1.2,-12.03,-120.33,107.77,1077.74,10777.42,0.1136,1.1356,11.3555
2026-02-28T16:32:00Z,BUY,5422.2,5278.2,,2026-03-02T16:02:00Z,5278.2,SL,-1.0,True,107.77,1077.74,10777.42,-1.13,-11.26,-112.56,106.65,1066.49,10664.86,0.0479,0.4789,4.7886
2026-03-02T19:03:00Z,BUY,5338.7,5238.875,,2026-03-03T11:07:00Z,5238.875,SL,-1.0,True,106.65,1066.49,10664.86,-1.13,-11.34,-113.38,105.51,1055.15,10551.48,0.0673,0.673,6.7303
2026-03-03T11:07:00Z,SELL,5224.8,5323.307142857143,,2026-03-19T13:56:00Z,4606.007142857143,TRAIL,6.282,False,105.51,1055.15,10551.48,6.56,65.62,656.21,112.08,1120.77,11207.69,0.066,0.6604,6.6039
2026-03-19T14:27:00Z,SELL,4593.6,4717.506428571429,,2026-03-20T03:07:00Z,4717.506428571429,SL,-1.0,True,112.08,1120.77,11207.69,-1.17,-11.7,-116.98,110.91,1109.07,11090.71,0.049,0.4903,4.9029
2026-03-20T05:01:00Z,SELL,4716.2,4833.369285714286,,2026-03-23T01:32:00Z,4449.169285714286,TRAIL,2.279,True,110.91,1109.07,11090.71,2.47,24.75,247.49,113.38,1133.82,11338.2,0.0527,0.5268,5.2677
2026-03-23T01:43:00Z,SELL,4433.1,4495.05,,2026-03-23T07:36:00Z,4200.55,TRAIL,3.754,True,113.38,1133.82,11338.2,4.16,41.6,416.04,117.54,1175.42,11754.24,0.0957,0.9574,9.574
2026-03-23T07:51:00Z,SELL,4235.3,4379.527142857143,,2026-03-23T11:06:00Z,4379.527142857143,SL,-1.0,False,117.54,1175.42,11754.24,-1.22,-12.16,-121.62,116.33,1163.26,11632.63,0.0407,0.4073,4.073
2026-03-23T22:04:00Z,SELL,4392.0,4635.998571428571,,2026-03-31T16:41:00Z,4635.998571428571,SL,-1.0,False,116.33,1163.26,11632.63,-1.19,-11.88,-118.8,115.14,1151.38,11513.83,0.0247,0.2471,2.4708
2026-03-31T16:41:00Z,BUY,4643.1,4546.221428571429,,2026-04-18T23:51:00Z,4772.421428571429,TRAIL,1.335,False,115.14,1151.38,11513.83,1.47,14.72,147.18,116.61,1166.1,11661.01,0.0651,0.6512,6.5115
2026-04-18T23:51:00Z,SELL,4772.3,4797.392857142857,,2026-04-20T12:20:00Z,4797.392857142857,SL,-1.0,False,116.61,1166.1,11661.01,-1.43,-14.28,-142.78,115.18,1151.82,11518.23,0.2617,2.617,26.1695
2026-04-20T12:22:00Z,BUY,4800.6,4747.407857142858,,2026-04-21T14:40:00Z,4747.407857142858,SL,-1.0,False,115.18,1151.82,11518.23,-1.27,-12.74,-127.45,113.91,1139.08,11390.79,0.1227,1.2266,12.2664
2026-04-21T14:41:00Z,SELL,4745.0,4787.135,,2026-04-24T11:07:00Z,4690.535,TRAIL,1.293,False,113.91,1139.08,11390.79,1.32,13.21,132.1,115.23,1152.29,11522.89,0.1514,1.5137,15.1366
2026-04-24T12:42:00Z,SELL,4690.0,4736.129285714286,,2026-04-29T00:01:00Z,4594.829285714286,TRAIL,2.063,True,115.23,1152.29,11522.89,2.24,22.39,223.91,117.47,1174.68,11746.8,0.1382,1.3824,13.8242
2026-04-29T01:01:00Z,SELL,4583.4,4635.045,,2026-04-30T10:30:00Z,4635.045,SL,-1.0,False,117.47,1174.68,11746.8,-1.3,-12.98,-129.77,116.17,1161.7,11617.03,0.123,1.2302,12.3016
2026-04-30T10:37:00Z,BUY,4625.9,4572.697142857142,,2026-05-01T07:54:00Z,4572.697142857142,SL,-1.0,False,116.17,1161.7,11617.03,-1.28,-12.81,-128.09,114.89,1148.89,11488.94,0.1192,1.1919,11.919
2026-05-01T07:55:00Z,SELL,4572.3,4606.397142857143,,2026-05-01T13:53:00Z,4606.397142857143,SL,-1.0,False,114.89,1148.89,11488.94,-1.33,-13.31,-133.07,113.56,1135.59,11355.87,0.1818,1.8179,18.1794
2026-05-01T13:53:00Z,BUY,4608.0,4565.055,,2026-05-04T10:01:00Z,4565.055,SL,-1.0,False,113.56,1135.59,11355.87,-1.28,-12.79,-127.94,112.28,1122.79,11227.93,0.1438,1.4378,14.3781
2026-05-04T10:02:00Z,SELL,4561.3,4605.772857142857,,2026-05-06T00:58:00Z,4605.772857142857,SL,-1.0,False,112.28,1122.79,11227.93,-1.26,-12.59,-125.87,111.02,1110.21,11102.07,0.1359,1.3589,13.5886
2026-05-06T01:00:00Z,BUY,4604.2,4556.821428571428,,2026-05-06T12:13:00Z,4663.561428571428,TRAIL,1.253,False,111.02,1110.21,11102.07,1.26,12.64,126.37,112.28,1122.84,11228.43,0.1273,1.2731,12.7309
2026-05-06T13:33:00Z,BUY,4681.6,4615.962142857144,,2026-05-15T00:39:00Z,4615.962142857144,SL,-1.0,True,112.28,1122.84,11228.43,-1.22,-12.17,-121.73,111.07,1110.67,11106.7,0.0945,0.945,9.4502
2026-05-15T00:40:00Z,SELL,4614.0,4658.871428571429,,2026-05-18T01:48:00Z,4521.971428571429,TRAIL,2.051,False,111.07,1110.67,11106.7,2.14,21.43,214.32,113.21,1132.1,11321.02,0.1348,1.3476,13.4764
2026-05-18T02:00:00Z,SELL,4520.5,4555.085714285714,,2026-05-18T11:40:00Z,4555.085714285714,SL,-1.0,False,113.21,1132.1,11321.02,-1.31,-13.07,-130.67,111.9,1119.03,11190.34,0.1746,1.7461,17.4605
2026-05-18T12:20:00Z,SELL,4548.0,4614.503571428571,,2026-05-28T14:09:00Z,4437.903571428571,TRAIL,1.655,False,111.9,1119.03,11190.34,1.76,17.62,176.23,113.67,1136.66,11366.57,0.0903,0.903,9.0303
2026-05-28T16:18:00Z,BUY,4484.9,4411.485714285714,,2026-06-05T12:54:00Z,4411.485714285714,SL,-1.0,False,113.67,1136.66,11366.57,-1.22,-12.19,-121.86,112.45,1124.47,11244.71,0.0819,0.8194,8.1938
2026-06-05T12:54:00Z,SELL,4410.2,4448.606428571428,,2026-06-07T23:29:00Z,4324.706428571429,TRAIL,2.226,False,112.45,1124.47,11244.71,2.35,23.51,235.07,114.8,1147.98,11479.78,0.1524,1.5236,15.2365
2026-06-08T01:06:00Z,SELL,4322.36,4352.402857142857,,2026-06-09T17:17:00Z,4258.042857142857,TRAIL,2.141,True,114.8,1147.98,11479.78,2.26,22.63,226.28,117.06,1170.61,11706.06,0.1949,1.9489,19.4893
2026-06-09T17:49:00Z,SELL,4249.6,4308.652857142857,,2026-06-11T01:00:00Z,4082.7528571428566,TRAIL,2.825,True,117.06,1170.61,11706.06,3.21,32.08,320.8,120.27,1202.69,12026.86,0.0994,0.994,9.9403
2026-06-11T08:22:00Z,SELL,4101.4,4188.734285714285,,2026-06-11T19:17:00Z,4188.734285714285,SL,-1.0,True,120.27,1202.69,12026.86,-1.27,-12.69,-126.93,119.0,1189.99,11899.93,0.0666,0.6665,6.6647
2026-06-11T19:34:00Z,BUY,4207.3,4123.66,,2026-06-19T04:54:00Z,4123.66,SL,-1.0,False,119.0,1189.99,11899.93,-1.26,-12.61,-126.06,117.74,1177.39,11773.86,0.0706,0.7063,7.0634
2026-06-19T04:55:00Z,SELL,4119.9,4171.799999999999,,2026-06-19T08:26:00Z,4171.799999999999,SL,-1.0,False,117.74,1177.39,11773.86,-1.29,-12.88,-128.77,116.45,1164.51,11645.1,0.1103,1.1029,11.0286
2026-06-19T10:07:00Z,SELL,4148.5,4201.771428571428,,2026-06-22T01:00:00Z,4201.771428571428,SL,-1.0,True,116.45,1164.51,11645.1,-1.27,-12.72,-127.15,115.18,1151.79,11517.95,0.107,1.0701,10.7009
2026-06-22T01:00:00Z,BUY,4201.4,4180.0142857142855,,2026-06-22T02:14:00Z,4180.0142857142855,SL,-1.0,False,115.18,1151.79,11517.95,-1.42,-14.19,-141.88,113.76,1137.61,11376.06,0.267,2.6701,26.701
2026-06-22T02:17:00Z,BUY,4181.7,4148.121428571429,,2026-06-23T01:42:00Z,4148.121428571429,SL,-1.0,False,113.76,1137.61,11376.06,-1.3,-13.05,-130.48,112.46,1124.56,11245.59,0.1672,1.6717,16.7172
2026-06-23T01:42:00Z,SELL,4149.0,4192.275,,2026-06-24T06:10:00Z,4090.3749999999995,TRAIL,1.355,False,112.46,1124.56,11245.59,1.4,13.96,139.62,113.85,1138.52,11385.21,0.1272,1.2722,12.7224
2026-06-24T09:26:00Z,SELL,4069.0,4127.821428571428,,2026-07-02T12:36:00Z,4127.821428571428,SL,-1.0,True,113.85,1138.52,11385.21,-1.23,-12.31,-123.15,112.62,1126.21,11262.06,0.0929,0.9293,9.2934
2026-07-02T12:36:00Z,BUY,4121.6,4076.2142857142862,,2026-07-08T08:18:00Z,4076.2142857142862,SL,-1.0,False,112.62,1126.21,11262.06,-1.25,-12.47,-124.69,111.37,1113.74,11137.37,0.1207,1.2068,12.0683
2026-07-08T08:18:00Z,SELL,4080.5,4128.478571428572,,2026-07-17T15:04:00Z,4006.278571428572,TRAIL,1.547,False,111.37,1113.74,11137.37,1.61,16.11,161.11,112.98,1129.85,11298.49,0.1118,1.1177,11.1771
2026-07-17T17:33:00Z,SELL,4002.5,4055.2785714285715,,2026-07-21T05:41:00Z,4055.2785714285715,SL,-1.0,True,112.98,1129.85,11298.49,-1.23,-12.31,-123.1,111.75,1117.54,11175.39,0.1011,1.0111,10.1106
2026-07-21T05:41:00Z,BUY,4054.8,4017.5164285714286,,2026-07-22T22:00:00Z,4114.6164285714285,TRAIL,1.604,False,111.75,1117.54,11175.39,1.65,16.5,164.95,113.4,1134.03,11340.35,0.1434,1.4342,14.3416
2026-07-23T01:00:00Z,BUY,4126.35,4077.8571428571436,,2026-07-23T11:16:00Z,4077.8571428571436,SL,-1.0,True,113.4,1134.03,11340.35,-1.25,-12.48,-124.79,112.16,1121.56,11215.56,0.1139,1.1387,11.3867
2026-07-23T11:41:00Z,SELL,4067.8,4111.015,,2026-08-05T02:37:00Z,4111.015,SL,-1.0,False,112.16,1121.56,11215.56,-1.25,-12.46,-124.61,110.91,1109.09,11090.94,0.1246,1.2457,12.4574
2026-08-05T02:42:00Z,BUY,4122.9,4074.0299999999997,,2026-08-06T04:29:00Z,4244.93,TRAIL,2.497,False,110.91,1109.09,11090.94,2.66,26.59,265.9,113.57,1135.68,11356.85,0.1104,1.1041,11.0411
2026-08-06T05:52:00Z,BUY,4259.6,4193.640714285714,,2026-08-11T06:29:00Z,4358.640714285714,TRAIL,1.502,True,113.57,1135.68,11356.85,1.62,16.19,161.87,115.19,1151.87,11518.72,0.0865,0.8654,8.6543
2026-08-11T08:26:00Z,BUY,4365.4,4309.822857142856,,2026-08-20T11:46:00Z,4457.922857142857,TRAIL,1.665,False,115.19,1151.87,11518.72,1.81,18.11,181.08,117.0,1169.98,11699.8,0.1068,1.0676,10.6761
2026-08-20T12:48:00Z,BUY,4460.5,4418.65,,2026-08-22T05:12:00Z,4576.95,TRAIL,2.783,True,117.0,1169.98,11699.8,3.11,31.08,310.84,120.11,1201.06,12010.64,0.1471,1.4715,14.7146
2026-08-22T12:26:00Z,BUY,4588.1,4566.388571428572,,2026-08-24T02:47:00Z,4623.388571428572,TRAIL,1.625,False,120.11,1201.06,12010.64,1.65,16.53,165.26,121.76,1217.59,12175.91,0.2995,2.995,29.9497
2026-08-24T02:55:00Z,BUY,4632.4,4604.429285714285,,2026-08-25T13:23:00Z,4604.429285714285,SL,-1.0,True,121.76,1217.59,12175.91,-1.46,-14.56,-145.55,120.3,1203.04,12030.35,0.238,2.3795,23.795
2026-08-25T13:47:00Z,SELL,4595.6,4653.011428571429,,2026-08-25T19:16:00Z,4653.011428571429,SL,-1.0,False,120.3,1203.04,12030.35,-1.32,-13.17,-131.67,118.99,1189.87,11898.69,0.1136,1.1363,11.3633
2026-08-25T19:16:00Z,BUY,4654.6,4597.381428571429,,2026-08-26T13:16:00Z,4597.381428571429,SL,-1.0,False,118.99,1189.87,11898.69,-1.3,-13.04,-130.41,117.68,1176.83,11768.28,0.1142,1.1422,11.4216
2026-08-26T13:17:00Z,SELL,4599.8,4644.302857142858,,2026-08-31T05:58:00Z,4439.802857142858,TRAIL,3.595,False,117.68,1176.83,11768.28,4.09,40.87,408.74,121.77,1217.7,12177.02,0.1435,1.4353,14.3531
2026-08-31T08:34:00Z,SELL,4435.4,4486.914285714286,,2026-09-02T12:05:00Z,4345.714285714286,TRAIL,1.741,True,121.77,1217.7,12177.02,2.0,19.96,199.63,123.77,1237.66,12376.65,0.1237,1.2372,12.3717
2026-09-02T16:34:00Z,SELL,4377.3,4444.763571428572,,2026-09-03T08:05:00Z,4444.763571428572,SL,-1.0,False,123.77,1237.66,12376.65,-1.33,-13.32,-133.24,122.43,1224.34,12243.41,0.0948,0.9476,9.4759
2026-09-03T11:57:00Z,BUY,4448.2,4409.071428571428,,2026-09-04T12:30:00Z,4409.071428571428,SL,-1.0,False,122.43,1224.34,12243.41,-1.39,-13.89,-138.86,121.05,1210.45,12104.55,0.1642,1.6424,16.4238
2026-09-04T12:32:00Z,SELL,4389.1,4427.463571428572,,2026-09-04T13:46:00Z,4427.463571428572,SL,-1.0,False,121.05,1210.45,12104.55,-1.37,-13.74,-137.39,119.67,1196.72,11967.16,0.1634,1.6341,16.3413
2026-09-04T13:50:00Z,SELL,4430.0,4469.177857142857,,2026-09-10T13:33:00Z,4368.377857142857,TRAIL,1.573,False,119.67,1196.72,11967.16,1.72,17.23,172.26,121.39,1213.94,12139.42,0.1597,1.5967,15.9675
2026-09-10T13:36:00Z,SELL,4362.1,4409.056428571429,,2026-09-17T00:14:00Z,4289.856428571428,TRAIL,1.539,False,121.39,1213.94,12139.42,1.73,17.35,173.46,123.13,1231.29,12312.88,0.1331,1.3307,13.307
2026-09-17T04:26:00Z,SELL,4295.0,4380.392857142858,,2026-09-18T06:00:00Z,4380.392857142858,SL,-1.0,False,123.13,1231.29,12312.88,-1.3,-13.04,-130.44,121.82,1218.24,12182.45,0.0731,0.7308,7.3077
2026-09-18T06:02:00Z,BUY,4382.8,4341.3892857142855,,2026-09-21T06:24:00Z,4341.3892857142855,SL,-1.0,False,121.82,1218.24,12182.45,-1.37,-13.7,-137.04,120.45,1204.54,12045.41,0.1521,1.5214,15.2144
2026-09-21T06:30:00Z,SELL,4341.6,4365.182142857143,,2026-09-21T11:52:00Z,4365.182142857143,SL,-1.0,False,120.45,1204.54,12045.41,-1.47,-14.66,-146.62,118.99,1189.88,11898.79,0.2617,2.6168,26.168
2026-09-21T12:28:00Z,SELL,4352.0,4385.9,,2026-09-24T12:54:00Z,4277.95,TRAIL,2.184,False,118.99,1189.88,11898.79,2.42,24.19,241.89,121.41,1214.07,12140.67,0.1802,1.8025,18.0249
2026-09-24T14:32:00Z,SELL,4258.8,4307.929285714286,,2026-09-25T11:07:00Z,4307.929285714286,SL,-1.0,True,121.41,1214.07,12140.67,-1.34,-13.38,-133.83,120.07,1200.68,12006.85,0.1242,1.2419,12.4186
2026-09-25T11:07:00Z,BUY,4307.6,4267.185714285715,,2026-09-25T14:01:00Z,4267.185714285715,SL,-1.0,False,120.07,1200.68,12006.85,-1.35,-13.52,-135.17,118.72,1187.17,11871.68,0.151,1.5101,15.1012
